record_id,original_filename,drive_file_id,drive_url,source_folder,suno_song_id,suno_song_url,created_at_utc,duration_seconds,file_size_bytes,sha256,md5,sample_rate,channels,bitrate,genre_family_by_title,paired_take_family,has_artwork,artwork_sha256,lyrics_availability,prompt_availability,tempo_bpm_estimate,spectral_centroid_hz_mean,percussive_energy_ratio,signal_features_note,cross_folder_match_render_id,cross_folder_evidence,confirmed_or_candidate_parent,lineage_confidence,generation_depth,owner_rating,owner_notes,analyst_observations,canon_status,release_status,unresolved_questions,download_status,evidence_status,id3_error,ffprobe_error,size_matches_drive_listing,notes
FSF-001,Concrete Flow Fundamentals Chill Studio Session.mp3,1b2u-wmdyRu7ySTi-ehB3pD7jvQVW52U8,https://drive.google.com/file/d/1b2u-wmdyRu7ySTi-ehB3pD7jvQVW52U8/view?usp=drivesdk,primary_flow_state_batch,9c028898-54c1-4404-9a00-2daa57886152,,2026-08-07T00:30:32+00:00,296.120167,6781080,0e76155dfba9ea8baa37b808aa1d1011444ebed1a5879b874243b8dd38e3740c,01dae795d231ca9faf94bb19300d72a1,48000,2,183198,Chill Studio Session,,False,,not_embedded,not_embedded_in_id3,90.7,3922.0,0.221,"Automated librosa signal features (tempo/spectral/percussive-ratio) analyzed on up to the first 180s. These are objective DSP measurements, not a genre or instrument classification -- no perceptual listening was performed.",,,none_identified,unknown,unknown,,,"Title implies 'Chill Studio Session' style variant. Duration 296.1s, tempo estimate 90.7 BPM (automated DSP, not a listened judgment), percussive-energy ratio 0.221. No perceptual genre/instrument/vocal-delivery observation was made -- no listening capability available to this workstream.",not_canon,unresolved,Original ~4-minute rap-writing-guidance parent track not identified in either Drive folder; no Suno-native parent/remix link recovered for this render; perceptual genre/instrumentation/vocal-delivery not evaluated.,ok,verified_from_id3_and_hash,,,True,
FSF-002,Concrete Flow Fundamentals Clean Studio Mix.mp3,1fjNGhYOSJaBSgsD80XvusgZ2_SCKZSoC,https://drive.google.com/file/d/1fjNGhYOSJaBSgsD80XvusgZ2_SCKZSoC/view?usp=drivesdk,primary_flow_state_batch,b91500dd-1bf7-494d-aa60-a8b1e0c54699,,2026-08-07T00:14:50+00:00,297.760167,6970344,584f08ae09c1465b21fd109f860a90aaaa4edfb26a61bc5ad713754faee87ed9,09e4617d6ca523737f1306840858a6a0,48000,2,187274,Clean Studio Mix,FSF-SIB-001,False,,not_embedded,not_embedded_in_id3,93.8,4418.6,0.204,"Automated librosa signal features (tempo/spectral/percussive-ratio) analyzed on up to the first 180s. These are objective DSP measurements, not a genre or instrument classification -- no perceptual listening was performed.",,,none_identified,unknown,unknown,,,"Title implies 'Clean Studio Mix' style variant. Duration 297.8s, tempo estimate 93.8 BPM (automated DSP, not a listened judgment), percussive-energy ratio 0.204. No perceptual genre/instrument/vocal-delivery observation was made -- no listening capability available to this workstream.",not_canon,unresolved,Original ~4-minute rap-writing-guidance parent track not identified in either Drive folder; no Suno-native parent/remix link recovered for this render; perceptual genre/instrumentation/vocal-delivery not evaluated.,ok,verified_from_id3_and_hash,,,True,
FSF-003,Concrete Flow Fundamentals Clean Studio Mix_1.mp3,13_d7SCm5CLFes69cb6ryAkjQPfGN04bR,https://drive.google.com/file/d/13_d7SCm5CLFes69cb6ryAkjQPfGN04bR/view?usp=drivesdk,primary_flow_state_batch,47a46f70-d27e-4754-8a9f-fff496448dbf,,2026-08-07T00:14:48+00:00,290.440167,7331976,f08451fe41f4a947601b806b0a4ea7f26b0543a3034641dca5b88f33a1b0040e,2a642753198ac77d8548454e0b6f8f3b,48000,2,201954,Clean Studio Mix,FSF-SIB-001,False,,not_embedded,not_embedded_in_id3,93.8,4080.7,0.226,"Automated librosa signal features (tempo/spectral/percussive-ratio) analyzed on up to the first 180s. These are objective DSP measurements, not a genre or instrument classification -- no perceptual listening was performed.",,,none_identified,unknown,unknown,,,"Title implies 'Clean Studio Mix' style variant. Duration 290.4s, tempo estimate 93.8 BPM (automated DSP, not a listened judgment), percussive-energy ratio 0.226. No perceptual genre/instrument/vocal-delivery observation was made -- no listening capability available to this workstream.",not_canon,unresolved,Original ~4-minute rap-writing-guidance parent track not identified in either Drive folder; no Suno-native parent/remix link recovered for this render; perceptual genre/instrumentation/vocal-delivery not evaluated.,ok,verified_from_id3_and_hash,,,True,
FSF-004,Concrete Flow Fundamentals Isolated Studio Version.mp3,1fqqFGNPnYiw0Ng3JUXi5CjZ5fabWnSmO,https://drive.google.com/file/d/1fqqFGNPnYiw0Ng3JUXi5CjZ5fabWnSmO/view?usp=drivesdk,primary_flow_state_batch,290eb8e2-e5a2-4175-a759-a213a845ffa7,,2026-08-07T00:27:25+00:00,297.280167,6859464,8a31c60f00b924556f64ffac78bbcd412da66ffea53565e959928310b629218d,e1702d8b693912f05b0b9938a7e06f70,48000,2,184592,Isolated Studio Version,FSF-SIB-002,False,,not_embedded,not_embedded_in_id3,92.2,3847.1,0.223,"Automated librosa signal features (tempo/spectral/percussive-ratio) analyzed on up to the first 180s. These are objective DSP measurements, not a genre or instrument classification -- no perceptual listening was performed.",,,none_identified,unknown,unknown,,,"Title implies 'Isolated Studio Version' style variant. Duration 297.3s, tempo estimate 92.2 BPM (automated DSP, not a listened judgment), percussive-energy ratio 0.223. No perceptual genre/instrument/vocal-delivery observation was made -- no listening capability available to this workstream.",not_canon,unresolved,Original ~4-minute rap-writing-guidance parent track not identified in either Drive folder; no Suno-native parent/remix link recovered for this render; perceptual genre/instrumentation/vocal-delivery not evaluated.,ok,verified_from_id3_and_hash,,,True,
FSF-005,Concrete Flow Fundamentals Isolated Studio Version_1.mp3,1Y7_KlARDaIasUOhPXJFu4Zzyc2Pe_z6C,https://drive.google.com/file/d/1Y7_KlARDaIasUOhPXJFu4Zzyc2Pe_z6C/view?usp=drivesdk,primary_flow_state_batch,1f93063d-2537-44b0-b2a9-50a308cd94db,,2026-08-07T00:27:23+00:00,299.240167,6973464,3d0ae9002a4c6b54b67d7e3aea6258335cfb51c5bbe7dc126cc4390a424972d3,d2ba604f1710a539729730d7be083ab8,48000,2,186431,Isolated Studio Version,FSF-SIB-002,False,,not_embedded,not_embedded_in_id3,92.2,4179.4,0.238,"Automated librosa signal features (tempo/spectral/percussive-ratio) analyzed on up to the first 180s. These are objective DSP measurements, not a genre or instrument classification -- no perceptual listening was performed.",,,none_identified,unknown,unknown,,,"Title implies 'Isolated Studio Version' style variant. Duration 299.2s, tempo estimate 92.2 BPM (automated DSP, not a listened judgment), percussive-energy ratio 0.238. No perceptual genre/instrument/vocal-delivery observation was made -- no listening capability available to this workstream.",not_canon,unresolved,Original ~4-minute rap-writing-guidance parent track not identified in either Drive folder; no Suno-native parent/remix link recovered for this render; perceptual genre/instrumentation/vocal-delivery not evaluated.,ok,verified_from_id3_and_hash,,,True,
FSF-006,Concrete Flow Fundamentals Organic Roots Fusion.mp3,1JTkcBR18pOAglPi0i7Ncvq8bfze1W20v,https://drive.google.com/file/d/1JTkcBR18pOAglPi0i7Ncvq8bfze1W20v/view?usp=drivesdk,primary_flow_state_batch,96137579-8290-4dc4-a534-0f7db0a496ca,,2026-08-07T00:11:52+00:00,321.360979,7405320,eeae10ed812a86b33fa09a8f7a7b32204d45c92c7ef28be8bc847f2afa054eae,6f9f130186179d6b0bb6929639f4ee19,48000,2,184348,Organic Roots Fusion,FSF-SIB-003,False,,not_embedded,not_embedded_in_id3,187.5,4310.4,0.255,"Automated librosa signal features (tempo/spectral/percussive-ratio) analyzed on up to the first 180s. These are objective DSP measurements, not a genre or instrument classification -- no perceptual listening was performed.",,,none_identified,unknown,unknown,,,"Title implies 'Organic Roots Fusion' style variant. Duration 321.4s, tempo estimate 187.5 BPM (automated DSP, not a listened judgment), percussive-energy ratio 0.255. No perceptual genre/instrument/vocal-delivery observation was made -- no listening capability available to this workstream.",not_canon,unresolved,Original ~4-minute rap-writing-guidance parent track not identified in either Drive folder; no Suno-native parent/remix link recovered for this render; perceptual genre/instrumentation/vocal-delivery not evaluated.,ok,verified_from_id3_and_hash,,,True,
FSF-007,Concrete Flow Fundamentals Organic Roots Fusion_1.mp3,1piLd00lrJqKqd1YXEvTIn-RO5jsQ4zt5,https://drive.google.com/file/d/1piLd00lrJqKqd1YXEvTIn-RO5jsQ4zt5/view?usp=drivesdk,primary_flow_state_batch,6fad678a-df3a-4dab-8f06-91f675c957df,,2026-08-07T00:11:51+00:00,326.400979,7639560,62c767f3e1069a02a7aee1154c1cc479cdeed4c75ef80974234c4eedd3218e79,1e78a90aca3a7ae1452e6f007e6fdd92,48000,2,187243,Organic Roots Fusion,FSF-SIB-003,False,,not_embedded,not_embedded_in_id3,93.8,4011.3,0.257,"Automated librosa signal features (tempo/spectral/percussive-ratio) analyzed on up to the first 180s. These are objective DSP measurements, not a genre or instrument classification -- no perceptual listening was performed.",,,none_identified,unknown,unknown,,,"Title implies 'Organic Roots Fusion' style variant. Duration 326.4s, tempo estimate 93.8 BPM (automated DSP, not a listened judgment), percussive-energy ratio 0.257. No perceptual genre/instrument/vocal-delivery observation was made -- no listening capability available to this workstream.",not_canon,unresolved,Original ~4-minute rap-writing-guidance parent track not identified in either Drive folder; no Suno-native parent/remix link recovered for this render; perceptual genre/instrumentation/vocal-delivery not evaluated.,ok,verified_from_id3_and_hash,,,True,
FSF-008,Concrete Flow Fundamentals Organic Roots Fusion_2.mp3,1QkLU6oWRSGIDlDoSZD0toKD3i-GebxUK,https://drive.google.com/file/d/1QkLU6oWRSGIDlDoSZD0toKD3i-GebxUK/view?usp=drivesdk,primary_flow_state_batch,6e68a4e1-4195-413a-ad27-37ccdb58eee7,,2026-08-07T00:08:28+00:00,320.360167,7786440,22e5d1927a544aaaadfa58855ceb232b79047c4770b2417d79aa6fa4263ae1dd,d988f0a831352de66ba8b6c5983fdba4,48000,2,194442,Organic Roots Fusion,FSF-SIB-004,False,,not_embedded,not_embedded_in_id3,187.5,3427.6,0.322,"Automated librosa signal features (tempo/spectral/percussive-ratio) analyzed on up to the first 180s. These are objective DSP measurements, not a genre or instrument classification -- no perceptual listening was performed.",,,none_identified,unknown,unknown,,,"Title implies 'Organic Roots Fusion' style variant. Duration 320.4s, tempo estimate 187.5 BPM (automated DSP, not a listened judgment), percussive-energy ratio 0.322. No perceptual genre/instrument/vocal-delivery observation was made -- no listening capability available to this workstream.",not_canon,unresolved,Original ~4-minute rap-writing-guidance parent track not identified in either Drive folder; no Suno-native parent/remix link recovered for this render; perceptual genre/instrumentation/vocal-delivery not evaluated.,ok,verified_from_id3_and_hash,,,True,
FSF-009,Concrete Flow Fundamentals Organic Roots Fusion_3.mp3,1_K93fK_WoBNKHaa3piam1jbDh_8mtksP,https://drive.google.com/file/d/1_K93fK_WoBNKHaa3piam1jbDh_8mtksP/view?usp=drivesdk,primary_flow_state_batch,951abdae-76dd-4586-97c4-6f4488e98172,,2026-08-07T00:08:28+00:00,317.520979,7381704,d1b0cec805d1a19dad7b81f393996565bd8c7947109dcd61b43aa59bcb0f4d27,170fca5650ad24ad69e72541cc0a7d3d,48000,2,185983,Organic Roots Fusion,FSF-SIB-004,False,,not_embedded,not_embedded_in_id3,187.5,3570.7,0.256,"Automated librosa signal features (tempo/spectral/percussive-ratio) analyzed on up to the first 180s. These are objective DSP measurements, not a genre or instrument classification -- no perceptual listening was performed.",,,none_identified,unknown,unknown,,,"Title implies 'Organic Roots Fusion' style variant. Duration 317.5s, tempo estimate 187.5 BPM (automated DSP, not a listened judgment), percussive-energy ratio 0.256. No perceptual genre/instrument/vocal-delivery observation was made -- no listening capability available to this workstream.",not_canon,unresolved,Original ~4-minute rap-writing-guidance parent track not identified in either Drive folder; no Suno-native parent/remix link recovered for this render; perceptual genre/instrumentation/vocal-delivery not evaluated.,ok,verified_from_id3_and_hash,,,True,
FSF-010,Concrete Flow Fundamentals Studio Pocket Remix.mp3,1Bib4h9GWJG2DXMJ7BhMhVfOm-qTPoHGA,https://drive.google.com/file/d/1Bib4h9GWJG2DXMJ7BhMhVfOm-qTPoHGA/view?usp=drivesdk,primary_flow_state_batch,0987fdb7-4123-4004-8c16-1890c3da209a,,2026-08-07T00:11:35+00:00,297.120979,6814800,900ac0355801356e40ac1836731c48c6761034e9f8402eaad32de5fa54cf21e1,9c77ff848a18df4f838595f4afb0cc53,48000,2,183488,Studio Pocket Remix,FSF-SIB-005,False,,not_embedded,not_embedded_in_id3,93.8,4450.5,0.288,"Automated librosa signal features (tempo/spectral/percussive-ratio) analyzed on up to the first 180s. These are objective DSP measurements, not a genre or instrument classification -- no perceptual listening was performed.",,,none_identified,unknown,unknown,,,"Title implies 'Studio Pocket Remix' style variant. Duration 297.1s, tempo estimate 93.8 BPM (automated DSP, not a listened judgment), percussive-energy ratio 0.288. No perceptual genre/instrument/vocal-delivery observation was made -- no listening capability available to this workstream.",not_canon,unresolved,Original ~4-minute rap-writing-guidance parent track not identified in either Drive folder; no Suno-native parent/remix link recovered for this render; perceptual genre/instrumentation/vocal-delivery not evaluated.,ok,verified_from_id3_and_hash,,,True,
FSF-011,Concrete Flow Fundamentals Studio Pocket Remix_1.mp3,1TPpQotNBZ6l0EvA7JBj852qP0t--n2A0,https://drive.google.com/file/d/1TPpQotNBZ6l0EvA7JBj852qP0t--n2A0/view?usp=drivesdk,primary_flow_state_batch,d4b860d1-1f2a-4a08-ad57-c483e0203695,,2026-08-07T00:11:35+00:00,304.640167,7171656,73f363870568782cf8629590771da7fc756a377857e459bcea47e153a24a0acf,ec10d1be1f0305adc9448721d69d18e8,48000,2,188331,Studio Pocket Remix,FSF-SIB-005,False,,not_embedded,not_embedded_in_id3,92.2,4000.5,0.302,"Automated librosa signal features (tempo/spectral/percussive-ratio) analyzed on up to the first 180s. These are objective DSP measurements, not a genre or instrument classification -- no perceptual listening was performed.",,,none_identified,unknown,unknown,,,"Title implies 'Studio Pocket Remix' style variant. Duration 304.6s, tempo estimate 92.2 BPM (automated DSP, not a listened judgment), percussive-energy ratio 0.302. No perceptual genre/instrument/vocal-delivery observation was made -- no listening capability available to this workstream.",not_canon,unresolved,Original ~4-minute rap-writing-guidance parent track not identified in either Drive folder; no Suno-native parent/remix link recovered for this render; perceptual genre/instrumentation/vocal-delivery not evaluated.,ok,verified_from_id3_and_hash,,,True,
FSF-012,Flow State Fundamentals Playful Reggae Mix.mp3,1-WJwhx1fIglRNnrYGwi8weINu-DLHMHw,https://drive.google.com/file/d/1-WJwhx1fIglRNnrYGwi8weINu-DLHMHw/view?usp=drivesdk,primary_flow_state_batch,2869cb8c-4a80-4e6c-b151-5b7c6beba40c,,2026-08-07T00:00:31+00:00,261.360979,6108984,fa69693005be6a840296b7807c8a9085834f4132d5f6e5252cace828b80336ed,63d49c1fc7ea9630db4b16377f09fc7a,48000,2,186989,Playful Reggae Mix,FSF-SIB-006,False,,not_embedded,not_embedded_in_id3,97.0,4715.9,0.26,"Automated librosa signal features (tempo/spectral/percussive-ratio) analyzed on up to the first 180s. These are objective DSP measurements, not a genre or instrument classification -- no perceptual listening was performed.",,,none_identified,unknown,unknown,,,"Title implies 'Playful Reggae Mix' style variant. Duration 261.4s, tempo estimate 97.0 BPM (automated DSP, not a listened judgment), percussive-energy ratio 0.26. No perceptual genre/instrument/vocal-delivery observation was made -- no listening capability available to this workstream.",not_canon,unresolved,Original ~4-minute rap-writing-guidance parent track not identified in either Drive folder; no Suno-native parent/remix link recovered for this render; perceptual genre/instrumentation/vocal-delivery not evaluated.,ok,verified_from_id3_and_hash,,,True,
FSF-013,Flow State Fundamentals Playful Reggae Mix_1.mp3,19_JPCDuY4JsD31lGf4zZrR6-otQKkLBi,https://drive.google.com/file/d/19_JPCDuY4JsD31lGf4zZrR6-otQKkLBi/view?usp=drivesdk,primary_flow_state_batch,46a6e039-2761-4380-88c5-2b80110ddad7,,2026-08-07T00:00:30+00:00,270.680167,6381576,f3bafa279674c7035869076313b736d56230dfdceebc8b4632d2ccbe5f878949,636ff5446c38dc67c656872148a701eb,48000,2,188608,Playful Reggae Mix,FSF-SIB-006,False,,not_embedded,not_embedded_in_id3,97.0,4413.4,0.27,"Automated librosa signal features (tempo/spectral/percussive-ratio) analyzed on up to the first 180s. These are objective DSP measurements, not a genre or instrument classification -- no perceptual listening was performed.",,,none_identified,unknown,unknown,,,"Title implies 'Playful Reggae Mix' style variant. Duration 270.7s, tempo estimate 97.0 BPM (automated DSP, not a listened judgment), percussive-energy ratio 0.27. No perceptual genre/instrument/vocal-delivery observation was made -- no listening capability available to this workstream.",not_canon,unresolved,Original ~4-minute rap-writing-guidance parent track not identified in either Drive folder; no Suno-native parent/remix link recovered for this render; perceptual genre/instrumentation/vocal-delivery not evaluated.,ok,verified_from_id3_and_hash,,,True,
FSF-014,Flow State Fundamentals Reggaetón Fusion Experiment.mp3,1YuurOYXgnT0IgdpmzbaovgPJsyCHfF2v,https://drive.google.com/file/d/1YuurOYXgnT0IgdpmzbaovgPJsyCHfF2v/view?usp=drivesdk,primary_flow_state_batch,1d2d0b67-3c08-4d12-aad4-1d6cba63aca9,,2026-08-07T00:05:31+00:00,297.480979,7018728,fd90f8e6eb9d72ecc735f2d02540065568039cff8e314cbcac6fb8997b329fe5,5fae1f64cd5c95eb466612f9473936a2,48000,2,188750,Reggaetón Fusion Experiment,FSF-SIB-007,False,,not_embedded,not_embedded_in_id3,95.3,3640.8,0.272,"Automated librosa signal features (tempo/spectral/percussive-ratio) analyzed on up to the first 180s. These are objective DSP measurements, not a genre or instrument classification -- no perceptual listening was performed.",,,none_identified,unknown,unknown,,,"Title implies 'Reggaetón Fusion Experiment' style variant. Duration 297.5s, tempo estimate 95.3 BPM (automated DSP, not a listened judgment), percussive-energy ratio 0.272. No perceptual genre/instrument/vocal-delivery observation was made -- no listening capability available to this workstream.",not_canon,unresolved,Original ~4-minute rap-writing-guidance parent track not identified in either Drive folder; no Suno-native parent/remix link recovered for this render; perceptual genre/instrumentation/vocal-delivery not evaluated.,ok,verified_from_id3_and_hash,,,True,
FSF-015,Flow State Fundamentals Reggaetón Fusion Experiment_1.mp3,1XWP_oiDIjLrBHBW99f3obR-mxY6z4LrE,https://drive.google.com/file/d/1XWP_oiDIjLrBHBW99f3obR-mxY6z4LrE/view?usp=drivesdk,primary_flow_state_batch,d1bf17f1-da40-4719-beaa-784ba566e891,,2026-08-07T00:05:31+00:00,292.680979,6722472,9eb2fdb8d2b6786a8a6654f9e675d21851610109527a62be6aabecfec73e5f1e,b1a3bb81d35cbd981ca30615cff49020,48000,2,183748,Reggaetón Fusion Experiment,FSF-SIB-007,False,,not_embedded,not_embedded_in_id3,95.3,4124.4,0.281,"Automated librosa signal features (tempo/spectral/percussive-ratio) analyzed on up to the first 180s. These are objective DSP measurements, not a genre or instrument classification -- no perceptual listening was performed.",,,none_identified,unknown,unknown,,,"Title implies 'Reggaetón Fusion Experiment' style variant. Duration 292.7s, tempo estimate 95.3 BPM (automated DSP, not a listened judgment), percussive-energy ratio 0.281. No perceptual genre/instrument/vocal-delivery observation was made -- no listening capability available to this workstream.",not_canon,unresolved,Original ~4-minute rap-writing-guidance parent track not identified in either Drive folder; no Suno-native parent/remix link recovered for this render; perceptual genre/instrumentation/vocal-delivery not evaluated.,ok,verified_from_id3_and_hash,,,True,
FSF-016,Flow State Fundamentals Reggaetón Fusion Experiment_2.mp3,16yEIWWzZ7wmptSzmtktvtti8LUbK7Npj,https://drive.google.com/file/d/16yEIWWzZ7wmptSzmtktvtti8LUbK7Npj/view?usp=drivesdk,primary_flow_state_batch,c0fafcdd-d857-473c-b021-0a51418b44d8,,2026-08-07T00:02:43+00:00,291.480979,6632184,7e450e12a7000c15c7a9e6614c1f94e062ecba561c4106e2ad8cc44227cedea2,03132e2b3f0dd3c33e13825fe6a6af0b,48000,2,182027,Reggaetón Fusion Experiment,FSF-SIB-008,False,,not_embedded,not_embedded_in_id3,95.3,4151.2,0.254,"Automated librosa signal features (tempo/spectral/percussive-ratio) analyzed on up to the first 180s. These are objective DSP measurements, not a genre or instrument classification -- no perceptual listening was performed.",,,none_identified,unknown,unknown,,,"Title implies 'Reggaetón Fusion Experiment' style variant. Duration 291.5s, tempo estimate 95.3 BPM (automated DSP, not a listened judgment), percussive-energy ratio 0.254. No perceptual genre/instrument/vocal-delivery observation was made -- no listening capability available to this workstream.",not_canon,unresolved,Original ~4-minute rap-writing-guidance parent track not identified in either Drive folder; no Suno-native parent/remix link recovered for this render; perceptual genre/instrumentation/vocal-delivery not evaluated.,ok,verified_from_id3_and_hash,,,True,
FSF-017,Flow State Fundamentals Reggaetón Fusion Experiment_3.mp3,1HS26YVroFVmEDht0XSEtUOp3tdNgqQkN,https://drive.google.com/file/d/1HS26YVroFVmEDht0XSEtUOp3tdNgqQkN/view?usp=drivesdk,primary_flow_state_batch,80abd491-f0ed-4dc8-9ada-d9ae395e9912,,2026-08-07T00:02:42+00:00,289.680979,6628080,5e37d80af0fa1d8cb8e8d27fcfa44ea523429bf950661b39165eba04edd7a0f4,da57b81f537d3671916418f5a8fad26a,48000,2,183044,Reggaetón Fusion Experiment,FSF-SIB-008,False,,not_embedded,not_embedded_in_id3,95.3,4258.0,0.248,"Automated librosa signal features (tempo/spectral/percussive-ratio) analyzed on up to the first 180s. These are objective DSP measurements, not a genre or instrument classification -- no perceptual listening was performed.",,,none_identified,unknown,unknown,,,"Title implies 'Reggaetón Fusion Experiment' style variant. Duration 289.7s, tempo estimate 95.3 BPM (automated DSP, not a listened judgment), percussive-energy ratio 0.248. No perceptual genre/instrument/vocal-delivery observation was made -- no listening capability available to this workstream.",not_canon,unresolved,Original ~4-minute rap-writing-guidance parent track not identified in either Drive folder; no Suno-native parent/remix link recovered for this render; perceptual genre/instrumentation/vocal-delivery not evaluated.,ok,verified_from_id3_and_hash,,,True,
FSF-018,Flow State Fundamentals Slow Burn Version.mp3,18iCpw4JIlxTJsgxmICBhzxRp00jCuk4g,https://drive.google.com/file/d/18iCpw4JIlxTJsgxmICBhzxRp00jCuk4g/view?usp=drivesdk,primary_flow_state_batch,beaf981e-51a6-49d3-b8e8-2c475b0f74f3,,2026-08-06T23:56:01+00:00,285.800167,6705456,ac65947809660b8039e6c201f52293da090f7a77e4b3a18a6f2d671f10de8935,adbd30f37a41eb42807a68dca534347a,48000,2,187696,Slow Burn Version,FSF-SIB-009,False,,not_embedded,not_embedded_in_id3,97.0,3044.3,0.139,"Automated librosa signal features (tempo/spectral/percussive-ratio) analyzed on up to the first 180s. These are objective DSP measurements, not a genre or instrument classification -- no perceptual listening was performed.",,,none_identified,unknown,unknown,,,"Title implies 'Slow Burn Version' style variant. Duration 285.8s, tempo estimate 97.0 BPM (automated DSP, not a listened judgment), percussive-energy ratio 0.139. No perceptual genre/instrument/vocal-delivery observation was made -- no listening capability available to this workstream.",not_canon,unresolved,Original ~4-minute rap-writing-guidance parent track not identified in either Drive folder; no Suno-native parent/remix link recovered for this render; perceptual genre/instrumentation/vocal-delivery not evaluated.,ok,verified_from_id3_and_hash,,,True,
FSF-019,Flow State Fundamentals Slow Burn Version_1.mp3,1KmQHygHC1TSRr4tnq7jIs0VM_wVlwMP6,https://drive.google.com/file/d/1KmQHygHC1TSRr4tnq7jIs0VM_wVlwMP6/view?usp=drivesdk,primary_flow_state_batch,654ac2c3-7539-448e-9184-a657541efb5a,,2026-08-06T23:56:00+00:00,297.080167,7147032,c5df75399d7b2be89c13a7d6b873a9f6d6f81f464e4da7c8a1f17e7255091979,16201e09e4256fc749c0e01721d10648,48000,2,192460,Slow Burn Version,FSF-SIB-009,False,,not_embedded,not_embedded_in_id3,98.7,2789.3,0.098,"Automated librosa signal features (tempo/spectral/percussive-ratio) analyzed on up to the first 180s. These are objective DSP measurements, not a genre or instrument classification -- no perceptual listening was performed.",,,none_identified,unknown,unknown,,,"Title implies 'Slow Burn Version' style variant. Duration 297.1s, tempo estimate 98.7 BPM (automated DSP, not a listened judgment), percussive-energy ratio 0.098. No perceptual genre/instrument/vocal-delivery observation was made -- no listening capability available to this workstream.",not_canon,unresolved,Original ~4-minute rap-writing-guidance parent track not identified in either Drive folder; no Suno-native parent/remix link recovered for this render; perceptual genre/instrumentation/vocal-delivery not evaluated.,ok,verified_from_id3_and_hash,,,True,
FSF-020,Flow State Fundamentals.mp3,1Zkm07XXEN7KjGrIikCTlUl5TTs0sYszx,https://drive.google.com/file/d/1Zkm07XXEN7KjGrIikCTlUl5TTs0sYszx/view?usp=drivesdk,primary_flow_state_batch,1204194e-07cb-4b32-88a9-31c4b92b05ec,,2026-08-06T23:46:24+00:00,244.960167,5649096,0886678d3329ccb1eab3b6b5e61868ad5c9189d95d0be0409241ecb145e21308,3a64f89ae0c86c97a211a7e4aca42553,48000,2,184490,Flow State Fundamentals (base),FSF-SIB-010,False,,not_embedded,not_embedded_in_id3,100.4,4487.7,0.208,"Automated librosa signal features (tempo/spectral/percussive-ratio) analyzed on up to the first 180s. These are objective DSP measurements, not a genre or instrument classification -- no perceptual listening was performed.",,,none_identified,unknown,unknown,,,"Title implies 'Flow State Fundamentals (base)' style variant. Duration 245.0s, tempo estimate 100.4 BPM (automated DSP, not a listened judgment), percussive-energy ratio 0.208. No perceptual genre/instrument/vocal-delivery observation was made -- no listening capability available to this workstream.",not_canon,unresolved,Original ~4-minute rap-writing-guidance parent track not identified in either Drive folder; no Suno-native parent/remix link recovered for this render; perceptual genre/instrumentation/vocal-delivery not evaluated.,ok,verified_from_id3_and_hash,,,True,
FSF-021,Flow State Fundamentals_1.mp3,17cGrqAv4tXvkITSLCzekv5z6iqfs4msH,https://drive.google.com/file/d/17cGrqAv4tXvkITSLCzekv5z6iqfs4msH/view?usp=drivesdk,primary_flow_state_batch,e95ba3c7-1374-4d9a-b740-d1bf69d43452,,2026-08-06T23:46:23+00:00,267.200167,6252360,2c5d348cc0461b72346b48d55b3148bc64531da5dff29f3be4d036c1f9e758c6,17b5619ddfd9192f32b5c8a51b2cfe58,48000,2,187196,Flow State Fundamentals (base),FSF-SIB-010,False,,not_embedded,not_embedded_in_id3,100.4,3701.9,0.229,"Automated librosa signal features (tempo/spectral/percussive-ratio) analyzed on up to the first 180s. These are objective DSP measurements, not a genre or instrument classification -- no perceptual listening was performed.",,,none_identified,unknown,unknown,,,"Title implies 'Flow State Fundamentals (base)' style variant. Duration 267.2s, tempo estimate 100.4 BPM (automated DSP, not a listened judgment), percussive-energy ratio 0.229. No perceptual genre/instrument/vocal-delivery observation was made -- no listening capability available to this workstream.",not_canon,unresolved,Original ~4-minute rap-writing-guidance parent track not identified in either Drive folder; no Suno-native parent/remix link recovered for this render; perceptual genre/instrumentation/vocal-delivery not evaluated.,ok,verified_from_id3_and_hash,,,True,
